{
  "project_info": {
    "project_number": "222974290533",
    "firebase_url": "https://enroute-de1ea.firebaseio.com",
    "project_id": "enroute-de1ea",
    "storage_bucket": "enroute-de1ea.appspot.com"
  },
  "client": [
    {
      "client_info": {
        "mobilesdk_app_id": "1:222974290533:android:e757c66f59aa9d4048348c",
        "android_client_info": {
          "package_name": "com.main.enroute"
        }
      },
      "oauth_client": [
        {
          "client_id": "222974290533-6sb7k7ogo27e0j1b14daovs4ntvpb7rc.apps.googleusercontent.com",
          "client_type": 1,
          "android_info": {
            "package_name": "com.main.enroute",
            "certificate_hash": "b04ccad4c1fb918e1a0ec9c6ca242b96d6f3004e"
          }
        },
        {
          "client_id": "222974290533-2outp1hd2nl2rif6gjbh88u22ectmigk.apps.googleusercontent.com",
          "client_type": 3
        }
      ],
      "api_key": [
        {
          "current_key": "AIzaSyBcQr-4fMbUEIuliablyt9-DyxPM52AjQI"
        }
      ],
      "services": {
        "appinvite_service": {
          "other_platform_oauth_client": [
            {
              "client_id": "222974290533-2outp1hd2nl2rif6gjbh88u22ectmigk.apps.googleusercontent.com",
              "client_type": 3
            }
          ]
        }
      }
    }
  ],
  "configuration_version": "1"
}